Word,Count
exception,2
cancel,2
reuse,1
numitems,1
ondraw,1
functions,1
upload,1
your,1
ios,3
branch,4
accesscoarselocation,1
without,1
setting,2
these,16
properly,1
compareversions,1
approved,1
would,1
xml,4
understanding,4
because,4
moving,1
assigning,1
upgrade,4
cdi,1
getbundlefordeviceonboardflow,1
triggers,1
analysis,1
version,8
click,2
0,1
1,4
lint,1
contains,3
2,4
folder,3
3,2
charger,1
4,3
size,3
util,2
left,1
800,3
unused,8
happening,2
returns,3
getdevicetofilterconsent,1
much,3
object,1
appropriate,1
utility,2
immediately,1
code1320050579,1
example,2
result,1
rca,1
same,17
810,1
viewgroup,1
after,11
getstringresourceinenglish,1
momenttimestamp,1
resolved,26
annotation,1
a,43
b,1
alignments,1
i,9
loops,1
ringid/modelid,1
the,156
p,1
destroyed,1
s,1
u,1
scout,1
register,1
discuss,6
standard,2
ddinterneterrordialog,1
correct,3
resolve,1
moved,4
2111,2
got,1
good,2
empty,1
analytics,8
reproduce,1
rngesturehandlerbuttonviewmanager,1
wise,1
helper,1
reactnativegesturehandle,1
implement,1
others,2
defaultbleconnectionstatuslistener,1
brushheadlistener,1
add,30
area,1
tracing,1
testers,1
handledrsdialogonappupgrade,1
need,25
deregister,1
its,9
check,75
list,3
consent,9
users,1
tests,2
alignment,10
useful,1
resetfirmwarepreference,1
child,1
trust,1
private,5
onboardingmyprivacyfragmentjava,1
searching,1
medium,1
interface,3
locale,1
remove,87
skipped,1
calendargetinstance,1
duplicated,2
doesn’t,2
intentionally,2
flows,1
provider,1
buildversioncodeslollipop,1
scope,1
corektx,1
hard,3
lines,11
recycler,1
fails,3
live,1
tuscanylogprintstacktrace,1
headers,2
ticket,1
multiple,3
perform,1
expose,1
better,4
with,35
china,2
there,17
well,3
handling,3
happens,1
taking,2
enableconsent,1
called,5
disabling,1
release,2
filehelperreadfilefilepath,1
continueclick,1
channel,1
retest,1
getargumentsgetstringcaretype,1
braces,1
test/resources,1
number,1
defect,2
block,3
finelocation,1
per,2
write,4
flow,3
order,3
similar,4
testing,12
postcurrentblestatus,1
solutionjsonstring,1
understand,3
handle,8
confirmation,1
productrecommendations,3
script,1
comparetoignorecase,2
getdevice,1
viewonclicklistener,1
ever,1
640,1
connector,1
integration,6
callisto,1
onbackpressed,1
hundred,1
other,14
pathselectorfragment,1
ischecked,1
functionality,4
standardcharsetsutf8,9
login,2
optimise,3
local,3
valid,2
sessionmanagerthis,2
asked,1
native,1
have,16
configdownloadtimeout,1
accordingly,3
product,5
reminder,1
discussed,5
basefragmentgetactivetabfragment,1
2nd,2
removed,20
rawsensorpacketlistener,1
future,3
disable,1
stored,1
logic,19
arrow,1
screen,4
lets,6
body,1
reactivex,1
mode,2
tics,1
optimize,5
etc,2
whether,4
cpd,1
function,11
raise,1
implemented,1
modified,2
verification,1
all,36
always,2
new,6
read,1
comparison,1
already,6
below,9
arrayutilstoprimitivecompletedsubsegmentslisttoarraynew,2
applicable,2
topfragment,1
revert,29
suppresswarningsdeprecation,1
testtuscanyapplicationactivityjava,1
isosloassociated,1
conflicting,1
condition,18
unit,2
islivabrushingsupported,1
naming,2
try,1
nfr,1
grater,1
cause,2
respective,1
similarly,2
and,71
intended,1
design,6
define,2
working,3
commented,13
possibility,2
declared,1
comments,2192
buttons,1
productconfiguration,1
specific,1
any,11
refactor,1
intuitive,1
30days,1
arrayxml,1
221,1
suggested,2
application,1
stable,1
buildversionsdkint,2
until,2
renamed,1
plz,4
teaser,1
reason,1
pmd,1
prev,2
supportscanfilter,1
valuesit/stringsxml,1
java,3
tagged,1
merge,4
english,1
let,1
api,37
state,2
defined,2
currentstate,1
app,7
merging,4
using,8
scanerror,1
refreshcb,1
buildtype,1
expected,2
want,2
readablility,1
dulce,1
completed,1
demand,2
creating,2
difference,1
complexity,1
another,2
document,1
automatically,1
guarantee,1
recommend,1
tabordinal,1
giving,1
two,3
matching,2
anyway,1
default,2
getsessionforcloudupload,1
found,2
oslo,5
are,27
scenario,5
does,4
https//tfsemea1taphilipscom/tfs/tpcregion28/pohc/git/tuscanyandroidproduction/pullrequest/4631aoverview,1
came,1
where,10
disabled,1
attach,2
mechanism,1
gives,1
latest,5
validate,1
think,6
refresh,1
holder,1
team,2
suppress,8
call,13
gradle,1
such,4
ask,1
thing,1
getbrushingmodeonroutinenumber,1
supported,3
arraylisttoarrayutiltestjava,1
through,1
dimen,1
lib,3
cant,1
run,1
align,3
lifecycle,1
view,2
either,2
white,3
continue,2
has,8
helpful,1
buildversioncodeso,1
results,1
those,1
brush,5
given,10
ramas,1
might,4
utiljava,1
duplicate,5
fetchfirst,1
insurancename,1
margin/padding,1
checks,2
converted,1
name,22
fixed,4
page,2
updated,4
full,3
viewlisteners,1
memory,2
string,9
import,5
const,1
android,1
classes,2
show,2
updates,1
redundant,1
button,3
not,65
specialevents,1
handleinforeaderjava,1
now,7
ends,1
statement,2
hence,1
postponed,2
enclose,1
convention,2
uivisiblestate,1
junit,5
green,1
breaks,1
yes,4
introduce,1
was,20
libraries,1
clarification,1
way,1
generic,2
target,1
what,10
mouth,1
crashlytics,1
refer,2
subpress,1
time,8
promptthis,1
optimised,2
deprecated,2
issues,1
when,8
required,41
put,8
logout,2
sonicareconsentmanagerjava,1
logged,2
splashinsurancepresenterjava,1
options,1
addatacoredialogfragmentjava,1
1format,1
catch,1
plan,2
case,16
give,3
item,2
inapp,1
provide,1
tuscanyconstants,9
reset,1
style,2
care,2
currentlocationpermissionresult,1
initialisation,2
explicitly,1
log,12
formatted,1
methods,4
drawables,4
tabs,1
enabled,1
bleconnectionactivitythis,1
web,1
means,1
popbackstack,1
explore,1
brusing,1
more,3
deeplink,1
performed,2
wrong,5
onsingleitemclicklistener,1
fetch,2
organized,1
progressreportprocessortestkt,1
heads,1
gethsdpuuid,2
before,12
replace,6
allignment,1
testactivityjava,1
used,16
tuscanyutilscheckprivacynotice,1
fonts/centralesansbookttf,1
notification,1
hit,1
looks,6
shows,1
shown,1
zone,2
few,5
refreshloginsessionhandlerforcedlogut,1
consider,1
inverted,1
day,1
group,1
otherwise,2
imports,2
package,2
visible,1
presenter,1
created,1
timing,3
format,6
done,20
both,3
getbrushheadtitleid,1
important,1
outside,1
effect,2
keep,12
dpchannel,1
dont,4
stringformat,1
request,2
devicespecific,1
values,2
part,3
ringid,1
why,36
point,2
along,1
mentioned,5
rinse,1
authentication,1
devicejava,1
move,36
amount,1
process,1
debug,1
original,1
assignment,1
titleactivitytest,1
clear,3
saw,1
also,9
clean,1
posting,1
gets,1
isexpertclean,1
developno,1
duplication,12
onstart,1
marking,1
build,6
tongiueclean,1
further,1
user,10
parent,1
been,4
informationname,2
clickable,1
upgradefiledownloadtasklistener,1
sonicareconsentmanager,1
stacj,1
path,1
fix,15
dev,1
openurlinexternalbrowser,1
dental,1
featureproviders,1
you,25
knowledge,1
addition,1
happen,2
sure,2
pass,4
preprocessing,2
impact,4
preference,1
personal,2
am,1
easy,2
an,1
tags,1
as,61
dfu,1
at,4
peace,1
assigned,1
sdk,1
formatting,1
relative,1
compare,1
arraylisttoarrayutiltest,1
be,53
getinsurancename,1
bh,1
isofflinesessionsummary,2
dead,5
tuscanyble,1
coding,2
how,8
see,1
isimusupported,1
blocking,1
by,11
sonicaredialogtypedrsoffforx,1
indicate,1
override,1
set,6
business,1
xbutton,1
code1310212122,2
adobe,1
possible,3
right,2
firebase,2
compares,1
helptext2,1
advantages,1
deleted,2
stage,1
helptext1,1
returning,2
utilityappcontextgetcontext,2
under,3
config,1
did,3
db,2
font,1
putting,1
added,25
fragmentoverride,1
adapterview,1
listener,4
appcompat,1
language,2
do,24
down,2
launching,2
observe,1
hold,1
correctly,3
integationshanghai,1
later,2
isimulockuisupported,1
adding,2
club,3
warning,9
info,1
digit,1
which,23
needs,7
image,2
eg,1
static,3
test,14
isringidsupported,1
take,3
never,2
ex,1
piece,1
scrum,1
resultdate,1
commenting,1
homeactivtiyviewmodel,1
helps,1
confusion,2
bleconnectioninfolistener,1
onboarded,1
some,9
blank,1
waiting,1
rather,1
proceedlogoutsuccess,1
additional,2182
observeforever,1
for,55
back,7
title,1
miss,1
resetfwupdatenotificationpreferences,1
related,10
json,5
passed,3
class,13
just,8
spelling,2
merged,6
go,5
false,2
handleasset,1
permission,1
parse,1
instanceof,1
hole,2
2019,1
print,1
regression,1
seperate,1
setup,1
developer,2
islivebrushingsupported,2
avoid,6
showing,2
hardcoded,1
assign,4
arraylisttoprimitiveint,1
very,1
ononboardingquestionsloaded,1
hk,1
placed,1
modes,1
triggered,1
webagreementlink,1
hp,1
recommendation,3
onvzdeeplinkhandler,2
issessiondatapriorthreshold,2
convert,3
tracking,4
doesnt,1
tuscanyutilsisuserlogingetcontext,1
inactive,1
else,6
context,4
integrationshanghai,1
action,1
model,2
id,1
text,4
if,73
validation,1
reduce,1
init,2
issue,9
in,99
dependency,3
androidtest/assets,1
bits,1
31st,1
is,106
it,83
sensitive,1
being,1
upg,1
aimee,1
integrationbranch,1
invalid,2
insuranceid,1
opens,1
interval,1
inorder,1
status,1
become,1
template,3
server,1
deepa,1
onboard,1
dot,1
products,1
firebasepushnotificationregistration,1
file,27
library,2
strings,6
jenkins,1
tolowercase,1
sending,1
alertdialogfragment,1
bundle,1
together,1
side,6
listeners,1
may,13
break,3
could,2
change,35
positive,1
trigger,1
url,1
testcase,1
devicelist,1
refreshbrushingdata,1
places,5
hide,1
let’s,1
debuggable,1
able,1
reminding,1
complete,1
return,11
codes,1
negation,1
auto,1
constant,5
use,38
featureprovider,1
while,3
suffix,1
that,14
tyuscanyutils,1
solution,1
fine,1
than,2
me,4
different,9
directly,1
logs,2
selected,1
dateformatmedium,1
mo,3
stringvalueofamnt,1
drs,1
3rd,1
difficult,1
fill,2
my,1
plus,1
entry,1
null,16
background,1
true,9
consents,1
header,2
position,3
present,13
reverted,1
no,2190
code,79
scores,1
bot,1
tuscany,3
delete,9
boy,1
switch,3
head,4
emitteronnexttrue,2
dialog,3
appstateorionkilledtobackground,1
getmodevalueforanalytics,1
oe,4
of,41
solutionselectionlayout,1
ok,1
make,10
clickablespan,1
included,1
on,26
consumes,1
updatetimetolowercase,1
or,8
cross,2
raised,1
control,1
thread,1
sindu,1
exactly,1
remobved,1
master,1
processed,2
fortify,1
due,1
easier,2
po,1
handler,1
pr,5
about,1
delta,1
sendanalyticsforprompt,1
observed,1
crash,2
cover,1
110,1
observer,1
meaning,2
utils,1
above,2
getproducturl,2
they,2
based,5
renaming,1
tuscanylog,2
august,1
module,1
myself,2
them,7
then,4
execute,1
rc,3
avoided,1
gethandleimagesmall,1
findbugs,1
recheck,1
processing,1
starting,1
conditions,4
device,6
20,1
21,1
shared,1
functional,1
components,1
access,2
activity,2
rx,1
blackduck,1
global,2
shantanu,1
sd,1
referring,1
into,1
current,1
so,15
30,1
key,4
calendar,1
variables,4
necessary,1
manager,2
one,4
basefragment,1
makes,1
started,2
checklist,5
launch,1
store,1
reviewer,1
many,3
single,3
confirm,1
pull,4
bug,1
ondateselectlistener,1
handled,15
tongueclean,1
shanghai,2
progress,1
to,143
story,7
rapidclickdetector,1
but,1
country,2
tw,1
separate,5
available,2
nebraska,6
rules,1
inside,6
brushing,4
descriptions,1
reformat,1
ui,5
fragments,1
details,1
up,4
written,2
comphilipscdpohcutilityutilityappcontext,1
2902,1
this,231
constructor,1
please,88
replacing,1
isvalidringid,3
finding,1
once,16
ids,2
know,2
x1,1
conflict,1
changed,5
allow,1
doing,2
countryproductsjson,1
idea,1
pending,1
changes,22
decompose,1
update,5
invalidsignature,1
rule,1
privacy,1
purge,1
we,66
life,1
common,2
param,2
y0,1
missing,4
conflicts,2
funnels,1
arrayutilstoprimitivefinalvisiblesubsegmentsindexlisttoarraynew,2
every,4
staging,3
stringxml,1
normal,2
cases,10
previous,5
analyticsconstants,1
again,4
navigating,1
layout,4
scrollview,1
addataconsentfragmentviewjava,3
removal,2
brushheadutils,3
comment,12
passing,6
tested,1
tester,1
react,1
uncomment,1
foreground,1
none,2
type,1
sensordatareceiver,1
feedback,1
handleunknownstate,1
problem,4
terms,1
review,12
enable,1
updateuistate,2
dependent,1
between,1
val,1
still,1
method,32
work,10
var,1
templet,1
getapplication,1
exist,4
fail,3
productsconfiguration,1
versions,2
logging,1
isca,1
specifier,2
osaka,4
signature,1
tongue,1
utf8,11
integer0,4
tracked,1
tools,1
ourselves,1
out,8
isvalidhandle,1
leak,2
across,1
feature,4
get,10
verify,11
onboarding,2
onanimationend,1
place,2
mouthrins,2
firmware,2
include,2
sting,2
“utf8�,6
lead,5
m23,1
token,2
lots,2
visiblefortesting,1
help,1
useragreementlink,1
rename,13
asset,2
first,4
span,2
date,1
argument,5
data,5
own,1
fewer,1
space,4
translate,1
optimisation,1
hanged,1
assets,2
should,27
only,16
create,5
from,31
tag,4
avoiding,1
resource,1
like,8
comparing,1
sent,1
getmodevalue,1
gdpr,5
revision,1
core,2
chances,1
safe,1
files,9
send,1
dismissing,1
here,28
purpose,4
configuration,1
rejected,1
line,15
link,1
error,3
imp,1
can,64
trace,1
targeting,1
operations,1
public,3
array,6
pselect,1
alarm,2
getactivitygetsupportfragmentmanagerpopbackstackimmediate,1
track,2
value,13
santanu,1
will,40
implementation,5
verified,1
match,2
resources,3
instead,12
intent,1
really,4
macau,1
invalidchargerinfofragment,1
fragment,8
readability,4
performance,3
boolean,1
currently,1
corresponding,4
variable,12
handlings,2
arguments,1
locations,1
gson,2

